<?xml version="1.0" encoding="UTF-8" ?>
<!DOCTYPE mapper PUBLIC "-//mybatis.org//DTD Mapper 3.0//EN" "http://mybatis.org/dtd/mybatis-3-mapper.dtd">
<mapper namespace="com.scheduler.mappers.UserMapper">

	<select id="findUserById" parameterType="int" resultType="com.scheduler.models.User">
		select * from test_user where id = #{id}
	</select>

	<select id="searchUserByEmail" parameterType="String"
		resultType="com.scheduler.models.User">
		select * from test_user where email like #{email}
	</select>

	<select id="findAllUsers" resultType="com.scheduler.models.User">
		select * from test_user
	</select>

	<insert id="saveUser" parameterType="com.scheduler.models.User"
		useGeneratedKeys="true" keyProperty="id" keyColumn="id">
		insert into test_user(firstname, lastname, email)
		values
		(#{firstname},#{lastname}, #{email})
		<selectKey keyProperty="id" resultType="Integer" order="AFTER">
			select last_insert_id()
		</selectKey>
	</insert>

	<delete id="deleteUser" parameterType="com.scheduler.models.User"
		flushCache="true" statementType="PREPARED">
		delete from test_user where id = #{id}
	</delete>
</mapper>
